Name,Email,Age,Join Date,City,Subscribed
Andrea Rodriguez,tcook@kelley.com,70,06-29-2008,Delhi,Y
Jade Hutchinson,kelleyrichard@evans.com,unknown,not a date,Delhi,No
Rhonda Russell,matthew63@collins-walters.org,unknown,not a date,Delhi,yes
Debra Santos,billythomas@gmail.com,,,Lonon,Yes
S@r@h Ad@ms,tiffanyscott@gmail.com,thirty,1979-01-10,,yes
Mrs. Jo Johnson DVM,james62@gmail.com,unknown,03/12/2023,London,
Matthew Hays,brianadams@yahoo.com,,1980-08-13,Lonon,no
Michael Molina,joseph98 [at] yahoo.com,,not a date,,
Nicholas Martinez,martincourtney@oliver.info,,1992-10-21,London,Y
J3ssic@ L@mb3rt,wilsoncourtney@williams.org,,18/10/2019,DELHI,No
Wendy Esparza,michaelmercer@torres.com,65,01-28-2006,,0
Angela Sanchez,pennyzimmerman [at] gmail.com,51,12-16-1988,DELHI,1
Scott Le,wadewillie@hotmail.com,unknown,not a date,,no
Jocelyn Bishop,uellis@hotmail.com,thirty,,Lonon,1
Mich@3l Woods,travislee@hotmail.com,thirty,03-26-1978,New York,no
Dr. Tiff@ny How@rd DVM,daytiffany@stokes.com,,,   Delhi,N
Cesar Wilson,tatevincent@coleman-tran.net,,05-26-1981,   Delhi,No
Kaitlyn Watson,watsonisaac@gmail.com,67,09-27-2016,new york,Yes
Alyssa Carter,matthew61@hotmail.com,,2009-02-19,,0
Amanda Mitchell,johnharper@bailey.com,thirty,not a date,London,
Walter Pierce,llee@gmail.com,47,,,Maybe
Crystal Long,richard99@gmail.com,thirty,,,
Justin Smith,michael63 [at] hughes.biz,thirty,05/06/1989,New York,Maybe
Jeremy Bryant,nuneztravis@frank.net,,06-15-2017,Delhi,
Darren Williams,williewalker@gmail.com,thirty,13/01/1980,new york,Maybe
Richard Davis,ortizwhitney@yahoo.com,28,1997-07-08,New York,
Leroy Davis,travismartin [at] yahoo.com,66,,,Y
Ronald Smith,monica29@hotmail.com,,,Lonon,no
James Green,chadperez@gmail.com,20,2013-10-04,new york,Maybe
Lauren Page,tvelez@miller-love.info,,1984-06-08,,N
